Customer ID,Recency,Frequency,Monetary,R_Score,F_Score,M_Score,RFM_Score,Segment
AA-10315,185,11,5563.56,2,3,5,10,Potential
AA-10375,20,15,1056.39,5,4,2,11,Potential
AA-10480,260,12,1790.5120000000002,1,3,3,7,Needs Attention
AA-10645,56,18,5086.9349999999995,3,5,5,13,VIP
AB-10015,416,6,886.156,1,1,1,3,Lost
AB-10060,55,18,7755.62,4,5,5,14,VIP
AB-10105,42,20,14473.570999999998,4,5,5,14,VIP
AB-10150,42,12,966.71,4,3,2,9,Potential
AB-10165,26,14,1113.838,5,4,2,11,Potential
AB-10255,167,14,914.5319999999999,2,4,1,7,Needs Attention
AB-10600,51,8,1515.862,4,2,2,8,Needs Attention
AC-10420,233,5,925.8,1,1,1,3,Lost
AC-10450,12,9,5527.846,5,2,5,12,Potential
AC-10615,7,18,2537.6859999999997,5,5,3,13,VIP
AC-10660,283,6,657.316,1,1,1,3,Lost
AD-10180,30,12,6106.88,4,3,5,12,Potential
AF-10870,42,16,2052.908,4,4,3,11,Potential
AF-10885,416,7,861.565,1,1,1,3,Lost
AG-10270,279,14,2582.898,1,4,3,8,Needs Attention
AG-10300,119,5,367.548,2,1,1,4,Lost
AG-10330,9,9,660.972,5,2,1,8,Needs Attention
AG-10390,115,8,200.945,2,2,1,5,Needs Attention
AG-10495,79,14,1419.247,3,4,2,9,Potential
AG-10525,845,9,1455.038,1,2,2,5,Needs Attention
AG-10675,98,15,3489.0396000000005,3,4,4,11,Potential
AG-10765,78,5,170.584,3,1,1,5,Needs Attention
AG-10900,97,21,4510.797,3,5,5,13,VIP
AH-10030,13,11,1744.7,5,3,3,11,Potential
AH-10075,35,20,3250.337,4,5,4,13,VIP
AH-10120,61,16,1735.5140000000001,3,4,3,10,Potential
AH-10195,56,8,1587.452,3,2,2,7,Needs Attention
AH-10210,7,13,4805.344,5,3,5,13,VIP
AH-10465,231,8,2495.3916,2,2,3,7,Needs Attention
AH-10585,22,5,738.504,5,1,1,7,Needs Attention
AH-10690,411,23,7888.294,1,5,5,11,Potential
AI-10855,14,18,4375.786,5,5,5,15,VIP
AJ-10780,76,15,4867.344,3,4,5,12,Potential
AJ-10795,167,21,4501.391,2,5,5,12,Potential
AJ-10945,122,9,1829.896,2,2,3,7,Needs Attention
AJ-10960,75,5,629.2479999999999,3,1,1,5,Needs Attention
AM-10360,29,12,814.012,4,3,1,8,Needs Attention
AM-10705,163,22,5664.022,2,5,5,12,Potential
AO-10810,502,1,161.28,1,1,1,3,Lost
AP-10720,42,10,545.932,4,2,1,7,Needs Attention
AP-10915,99,31,3323.556,3,5,4,12,Potential
AR-10345,112,5,1055.694,2,1,2,5,Needs Attention
AR-10405,126,7,2236.128,2,1,3,6,Needs Attention
AR-10510,15,7,264.86400000000003,5,1,1,7,Needs Attention
AR-10540,7,9,6608.448,5,2,5,12,Potential
AR-10570,535,2,88.15,1,1,1,3,Lost
AR-10825,59,13,4523.336,3,3,5,11,Potential
AS-10045,89,10,3050.692,3,2,4,9,Potential
AS-10090,29,25,3255.31,4,5,4,13,VIP
AS-10135,42,3,58.82,4,1,1,6,Needs Attention
AS-10225,23,13,4260.784,5,3,5,13,VIP
AS-10240,193,10,503.968,2,2,1,5,Needs Attention
AS-10285,20,8,3214.236,5,2,4,11,Potential
AS-10630,93,12,833.398,3,3,1,7,Needs Attention
AT-10435,22,8,1166.0720000000001,5,2,2,9,Potential
AT-10735,14,16,3831.864,5,4,4,13,VIP
AW-10840,21,8,649.376,5,2,1,8,Needs Attention
AW-10930,47,16,2852.968,4,4,4,12,Potential
AY-10555,15,10,497.014,5,2,1,8,Needs Attention
AZ-10750,161,12,1622.0179999999998,2,3,2,7,Needs Attention
BB-10990,106,8,744.3399999999999,2,2,1,5,Needs Attention
BB-11545,29,20,6765.728,4,5,5,14,VIP
BC-11125,203,18,2933.676,2,5,4,11,Potential
BD-11320,34,19,5718.521,4,5,5,14,VIP
BD-11500,36,10,4411.2429999999995,4,2,5,11,Potential
BD-11560,279,4,320.54,1,1,1,3,Lost
BD-11605,98,15,2783.189,3,4,4,11,Potential
BD-11620,70,8,1538.11,3,2,2,7,Needs Attention
BD-11635,10,5,582.646,5,1,1,7,Needs Attention
BD-11725,94,10,1526.5,3,2,2,7,Needs Attention
BD-11770,328,10,658.466,1,2,1,4,Lost
BE-11335,120,9,4204.676,2,2,4,8,Needs Attention
BE-11410,99,5,2261.438,3,1,3,7,Needs Attention
BE-11455,482,10,748.026,1,2,1,4,Lost
BF-10975,92,13,599.798,3,3,1,7,Needs Attention
BF-11005,40,10,1333.88,4,2,2,8,Needs Attention
BF-11020,75,21,2888.506,3,5,4,12,Potential
BF-11080,26,6,272.95,5,1,1,7,Needs Attention
BF-11170,17,27,5907.972,5,5,5,15,VIP
BF-11215,66,8,1585.162,3,2,2,7,Needs Attention
BF-11275,58,4,791.9899999999999,3,1,1,5,Needs Attention
BG-11035,29,12,2798.948,4,3,4,11,Potential
BG-11695,37,8,1874.172,4,2,3,9,Potential
BG-11740,58,7,1006.356,3,1,2,6,Needs Attention
BH-11710,24,24,6255.351,5,5,5,15,VIP
BK-11260,78,16,659.1379999999999,3,4,1,8,Needs Attention
BM-11140,308,16,11789.63,1,4,5,10,Potential
BM-11575,101,10,808.162,3,2,1,6,Needs Attention
BM-11650,34,29,7294.185,4,5,5,14,VIP
BM-11785,219,14,1338.842,2,4,2,8,Needs Attention
BN-11470,25,6,265.296,5,1,1,7,Needs Attention
BN-11515,10,17,1459.344,5,4,2,11,Potential
BO-11350,138,12,2682.728,2,3,3,8,Needs Attention
BO-11425,76,2,130.83,3,1,1,5,Needs Attention
BP-11050,84,7,983.42,3,1,2,6,Needs Attention
BP-11095,18,20,2442.044,5,5,3,13,VIP
BP-11155,90,11,1697.8609999999999,3,3,3,9,Potential
BP-11185,2,18,3675.861,5,5,4,14,VIP
BP-11230,40,6,1181.49,4,1,2,7,Needs Attention
BP-11290,13,16,2475.157,5,4,3,12,Potential
BS-11365,559,9,10501.653,1,2,5,8,Needs Attention
BS-11380,29,13,3887.834,4,3,4,11,Potential
BS-11590,36,10,2454.928,4,2,3,9,Potential
BS-11665,583,11,3288.1099999999997,1,3,4,8,Needs Attention
BS-11755,2,14,2562.382,5,4,3,12,Potential
BS-11800,266,8,949.4300000000001,1,2,2,5,Needs Attention
BT-11305,337,9,2567.656,1,2,3,6,Needs Attention
BT-11395,303,10,2186.6130000000003,1,2,3,6,Needs Attention
BT-11440,561,7,603.876,1,1,1,3,Lost
BT-11485,660,3,415.19599999999997,1,1,1,3,Lost
BT-11530,92,10,2684.4919999999997,3,2,4,9,Potential
BT-11680,21,20,3196.752,5,5,4,14,VIP
BV-11245,335,14,1523.2730000000001,1,4,2,7,Needs Attention
BW-11065,213,3,385.516,2,1,1,4,Lost
BW-11110,122,17,4750.358,2,4,5,11,Potential
BW-11200,204,10,1738.406,2,2,3,7,Needs Attention
CA-11965,97,10,3789.7228,3,2,4,9,Potential
CA-12055,402,10,1679.7240000000002,1,2,2,5,Needs Attention
CA-12265,57,16,2638.3272,3,4,3,10,Potential
CA-12310,14,11,1421.954,5,3,2,10,Potential
CA-12775,121,17,3041.566,2,4,4,10,Potential
CB-12025,48,22,5730.669,4,5,5,14,VIP
CB-12415,27,12,1949.2,5,3,3,11,Potential
CB-12535,198,16,2574.1455,2,4,3,9,Potential
CC-12100,458,12,1685.889,1,3,2,6,Needs Attention
CC-12145,107,11,2471.65,2,3,3,8,Needs Attention
CC-12220,21,21,3670.258,5,5,4,14,VIP
CC-12370,44,11,12129.072000000002,4,3,5,12,Potential
CC-12430,1,19,2870.05,5,5,4,14,VIP
CC-12475,40,13,1659.438,4,3,2,9,Potential
CC-12550,28,4,113.832,4,1,1,6,Needs Attention
CC-12610,35,12,2540.631,4,3,3,10,Potential
CC-12670,30,14,2269.7015,4,4,3,11,Potential
CC-12685,799,12,2854.1150000000002,1,3,4,8,Needs Attention
CD-11920,41,9,2033.968,4,2,3,9,Potential
CD-11980,55,6,639.766,4,1,1,6,Needs Attention
CD-12280,43,13,1205.584,4,3,2,9,Potential
CD-12790,400,15,1860.732,1,4,3,8,Needs Attention
CG-12040,50,9,904.4680000000001,4,2,1,7,Needs Attention
CG-12520,339,5,1148.7800000000002,1,1,2,4,Lost
CH-12070,691,4,1537.236,1,1,2,4,Lost
CJ-11875,366,1,16.52,1,1,1,3,Lost
CJ-12010,190,20,11164.974,2,5,5,12,Potential
CK-12205,40,32,3154.855,4,5,4,13,VIP
CK-12325,121,12,2945.321,2,3,4,9,Potential
CK-12595,44,25,2372.75,4,5,3,12,Potential
CK-12760,83,14,1582.109,3,4,2,9,Potential
CL-11890,107,7,1262.0140000000001,2,1,2,5,Needs Attention
CL-12565,285,28,10880.546,1,5,5,11,Potential
CL-12700,261,7,2335.586,1,1,3,5,Needs Attention
CM-11815,132,10,1673.888,2,2,2,6,Needs Attention
CM-11935,708,4,565.392,1,1,1,3,Lost
CM-12115,9,7,1661.6100000000001,5,1,2,8,Needs Attention
CM-12160,27,7,2533.314,5,1,3,9,Potential
CM-12190,9,7,1475.144,5,1,2,8,Needs Attention
CM-12235,386,8,2305.712,1,2,3,6,Needs Attention
CM-12385,38,10,8954.019999999999,4,2,5,11,Potential
CM-12445,437,9,287.99,1,2,1,4,Lost
CM-12655,28,8,5890.508,4,2,5,11,Potential
CM-12715,1035,13,3984.4524,1,3,4,8,Needs Attention
CP-12085,83,14,5402.254,3,4,5,12,Potential
CP-12340,161,14,5817.187,2,4,5,11,Potential
CR-12580,58,6,2148.852,3,1,3,7,Needs Attention
CR-12625,471,4,475.9,1,1,1,3,Lost
CR-12730,79,6,1600.55,3,1,2,6,Needs Attention
CR-12820,86,7,1397.8724,3,1,2,6,Needs Attention
CS-11845,92,8,1278.954,3,2,2,7,Needs Attention
CS-11860,163,7,537.632,2,1,1,4,Lost
CS-11950,26,22,3036.547,5,5,4,14,VIP
CS-12130,490,7,884.64,1,1,1,3,Lost
CS-12175,233,8,844.4580000000001,1,2,1,4,Lost
CS-12250,27,28,2754.216,5,5,4,14,VIP
CS-12355,7,22,3202.1620000000003,5,5,4,14,VIP
CS-12400,3,14,3651.8585000000003,5,4,4,13,VIP
CS-12460,28,6,550.644,4,1,1,6,Needs Attention
CS-12490,425,8,970.1105,1,2,2,5,Needs Attention
CS-12505,59,9,5690.054999999999,3,2,5,10,Potential
CT-11995,97,18,3241.898,3,5,4,12,Potential
CV-12295,255,13,2830.6279999999997,1,3,4,8,Needs Attention
CV-12805,6,19,2370.3136,5,5,3,13,VIP
CW-11905,23,11,1136.592,5,3,2,10,Potential
CY-12745,61,10,2004.0819999999999,3,2,3,8,Needs Attention
Co-12640,550,8,1300.076,1,2,2,5,Needs Attention
DA-13450,353,8,156.76,1,2,1,4,Lost
DB-12910,22,12,2171.599,5,3,3,11,Potential
DB-12970,242,10,2469.6672,1,2,3,6,Needs Attention
DB-13060,17,10,4151.51,5,2,4,11,Potential
DB-13120,49,14,2973.094,4,4,4,12,Potential
DB-13210,10,21,2332.577,5,5,3,13,VIP
DB-13270,54,13,4655.897,4,3,5,12,Potential
DB-13360,265,6,1081.466,1,1,2,4,Lost
DB-13405,188,14,1711.692,2,4,3,9,Potential
DB-13555,108,14,3908.8028,2,4,4,10,Potential
DB-13615,34,11,1989.05,4,3,3,10,Potential
DB-13660,13,10,1155.202,5,2,2,9,Potential
DC-12850,38,18,3336.168,4,5,4,13,VIP
DC-13285,24,7,1174.618,5,1,2,8,Needs Attention
DD-13570,42,9,269.542,4,2,1,7,Needs Attention
DE-13255,719,9,2550.874,1,2,3,6,Needs Attention
DF-13135,700,6,2390.534,1,1,3,5,Needs Attention
DG-13300,33,8,3195.818,4,2,4,10,Potential
DH-13075,278,18,3487.1980000000003,1,5,4,10,Potential
DH-13675,776,11,1043.096,1,3,2,6,Needs Attention
DJ-13420,638,5,2012.52,1,1,3,5,Needs Attention
DJ-13510,49,13,2501.6879999999996,4,3,3,10,Potential
DJ-13630,13,8,3356.398,5,2,4,11,Potential
DK-12835,22,27,3256.48,5,5,4,14,VIP
DK-12895,46,15,4282.176,4,4,5,13,VIP
DK-12985,8,8,1687.04,5,2,2,9,Potential
DK-13090,43,13,2650.557,4,3,3,10,Potential
DK-13150,11,5,797.832,5,1,1,7,Needs Attention
DK-13225,11,19,4802.394,5,5,5,15,VIP
DK-13375,20,23,3318.486,5,5,4,14,VIP
DL-12865,101,7,444.024,3,1,1,5,Needs Attention
DL-12925,58,14,3272.2,3,4,4,11,Potential
DL-13315,23,17,1458.258,5,4,2,11,Potential
DL-13330,58,8,585.02,3,2,1,6,Needs Attention
DL-13495,77,12,3539.322,3,3,4,10,Potential
DM-12955,115,9,1322.034,2,2,2,6,Needs Attention
DM-13015,58,20,6345.103,3,5,5,13,VIP
DM-13345,23,13,4074.4719999999998,5,3,4,12,Potential
DM-13525,482,10,1376.792,1,2,2,5,Needs Attention
DN-13690,218,11,2139.79,2,3,3,8,Needs Attention
DO-13435,134,13,1300.0315,2,3,2,7,Needs Attention
DO-13645,27,11,1267.316,5,3,2,10,Potential
DP-13000,127,15,897.524,2,4,1,7,Needs Attention
DP-13105,7,14,2215.002,5,4,3,12,Potential
DP-13165,812,4,1058.616,1,1,2,4,Lost
DP-13390,359,14,5480.723999999999,1,4,5,10,Potential
DR-12880,4,24,6528.034000000001,5,5,5,15,VIP
DR-12940,51,13,8350.868,4,3,5,12,Potential
DS-13030,94,19,1762.213,3,5,3,11,Potential
DS-13180,24,20,2881.8128,5,5,4,14,VIP
DV-13045,20,9,1119.483,5,2,2,9,Potential
DV-13465,30,13,3254.487,4,3,4,11,Potential
DW-13195,70,9,1080.751,3,2,2,7,Needs Attention
DW-13480,218,11,5271.628,2,3,5,10,Potential
DW-13540,99,9,344.08,3,2,1,6,Needs Attention
DW-13585,243,10,1204.854,1,2,2,5,Needs Attention
Dl-13600,120,6,755.602,2,1,1,4,Lost
Dp-13240,85,29,7198.7609999999995,3,5,5,13,VIP
EA-14035,153,22,2752.441,2,5,4,11,Potential
EB-13705,49,12,3644.978,4,3,4,11,Potential
EB-13750,36,20,3236.314,4,5,4,13,VIP
EB-13840,91,7,964.448,3,1,2,6,Needs Attention
EB-13870,101,11,2767.219,3,3,4,10,Potential
EB-13930,162,7,944.6000000000001,2,1,2,5,Needs Attention
EB-13975,1,6,1643.255,5,1,2,8,Needs Attention
EB-14110,114,11,3071.126,2,3,4,9,Potential
EB-14170,83,7,1186.326,3,1,2,6,Needs Attention
EC-14050,54,7,461.914,4,1,1,6,Needs Attention
ED-13885,136,14,3484.92,2,4,4,10,Potential
EG-13900,23,9,1832.02,5,2,3,10,Potential
EH-13765,136,27,9940.380000000001,2,5,5,12,Potential
EH-13945,218,17,684.1709999999999,2,4,1,7,Needs Attention
EH-13990,406,8,825.9499999999999,1,2,1,4,Lost
EH-14005,3,11,1219.53,5,3,2,10,Potential
EH-14125,153,18,3082.653,2,5,4,11,Potential
EH-14185,106,8,923.884,2,2,1,5,Needs Attention
EJ-13720,303,8,2162.174,1,2,3,6,Needs Attention
EJ-14155,58,8,2656.691,3,2,3,8,Needs Attention
EK-13795,45,4,1303.478,4,1,2,7,Needs Attention
EL-13735,78,2,124.28,3,1,1,5,Needs Attention
EM-13810,133,7,2567.0099999999998,2,1,3,6,Needs Attention
EM-13825,56,16,2339.598,3,4,3,10,Potential
EM-13960,152,6,933.704,2,1,2,5,Needs Attention
EM-14065,48,6,228.99,4,1,1,6,Needs Attention
EM-14095,114,10,1041.0420000000001,2,2,2,6,Needs Attention
EM-14140,49,21,4588.436000000001,4,5,5,14,VIP
EM-14200,159,4,366.822,2,1,1,4,Lost
EN-13780,288,9,2199.366,1,2,3,6,Needs Attention
EP-13915,13,31,5478.0608,5,5,5,15,VIP
ER-13855,422,5,1245.788,1,1,2,4,Lost
ES-14020,41,8,3510.4579999999996,4,2,4,10,Potential
ES-14080,29,20,4657.924,4,5,5,14,VIP
FA-14230,98,17,2984.054,3,4,4,11,Potential
FC-14245,71,14,3418.742,3,4,4,11,Potential
FC-14335,185,10,3889.366,2,2,4,8,Needs Attention
FG-14260,35,11,1383.144,4,3,2,9,Potential
FH-14275,38,21,4256.272,4,5,4,13,VIP
FH-14350,213,14,2271.284,2,4,3,9,Potential
FH-14365,6,13,6987.196,5,3,5,13,VIP
FM-14215,8,15,2456.638,5,4,3,12,Potential
FM-14290,37,20,3736.198,4,5,4,13,VIP
FM-14380,146,14,2523.266,2,4,3,9,Potential
FO-14305,39,15,2678.438,4,4,3,11,Potential
FP-14320,24,14,4046.746,5,4,4,13,VIP
FW-14395,363,3,79.75,1,1,1,3,Lost
GA-14515,150,10,3797.2320000000004,2,2,4,8,Needs Attention
GA-14725,6,22,1398.382,5,5,2,12,Potential
GB-14530,63,20,1568.44,3,5,2,10,Potential
GB-14575,14,16,4716.288,5,4,5,14,VIP
GD-14590,6,6,1888.07,5,1,3,9,Potential
GG-14650,44,24,2224.0,4,5,3,12,Potential
GH-14410,76,17,2819.4669999999996,3,4,4,11,Potential
GH-14425,51,10,4172.8460000000005,4,2,4,10,Potential
GH-14485,388,3,1361.2440000000001,1,1,2,4,Lost
GH-14665,3,3,146.94080000000002,5,1,1,7,Needs Attention
GK-14620,113,14,6497.27,2,4,5,11,Potential
GM-14440,84,11,3582.8199999999997,3,3,4,10,Potential
GM-14455,17,12,3078.624,5,3,4,12,Potential
GM-14500,107,13,1255.682,2,3,2,7,Needs Attention
GM-14680,153,11,3163.628,2,3,4,9,Potential
GM-14695,118,11,6049.966,2,3,5,10,Potential
GP-14740,765,5,236.53,1,1,1,3,Lost
GR-14560,1136,5,1284.38,1,1,2,4,Lost
GT-14635,57,6,9351.212,3,1,5,9,Potential
GT-14710,37,29,11820.119999999999,4,5,5,14,VIP
GT-14755,35,7,226.436,4,1,1,6,Needs Attention
GW-14605,29,9,2189.019,4,2,3,9,Potential
GZ-14470,8,14,4355.150000000001,5,4,5,14,VIP
GZ-14545,158,5,2454.6220000000003,2,1,3,6,Needs Attention
HA-14905,70,10,2163.3,3,2,3,8,Needs Attention
HA-14920,21,18,2584.158,5,5,3,13,VIP
HD-14785,769,7,251.36,1,1,1,3,Lost
HE-14800,13,8,755.462,5,2,1,8,Needs Attention
HF-14995,22,19,2533.1639999999998,5,5,3,13,VIP
HG-14845,55,10,785.628,4,2,1,7,Needs Attention
HG-14965,24,17,3247.642,5,4,4,13,VIP
HG-15025,7,11,3690.284,5,3,4,12,Potential
HH-15010,73,6,218.668,3,1,1,5,Needs Attention
HJ-14875,127,6,358.1,2,1,1,4,Lost
HK-14890,152,15,4877.784,2,4,5,11,Potential
HL-15040,44,11,12873.297999999999,4,3,5,12,Potential
HM-14860,3,20,8236.7648,5,5,5,15,VIP
HM-14980,248,7,736.276,1,1,1,3,Lost
HP-14815,31,10,1990.314,4,2,3,9,Potential
HR-14770,14,5,940.588,5,1,2,8,Needs Attention
HR-14830,160,14,5248.787,2,4,5,11,Potential
HW-14935,118,15,4827.934,2,4,5,11,Potential
HZ-14950,36,6,886.52,4,1,1,6,Needs Attention
IG-15085,72,7,744.574,3,1,1,5,Needs Attention
IL-15100,143,14,5040.736,2,4,5,11,Potential
IM-15055,410,2,48.4,1,1,1,3,Lost
IM-15070,391,21,4930.474,1,5,5,11,Potential
JA-15970,93,24,6491.026,3,5,5,13,VIP
JB-15400,8,16,1791.605,5,4,3,12,Potential
JB-15925,737,8,900.552,1,2,1,4,Lost
JB-16000,44,7,644.1188,4,1,1,6,Needs Attention
JB-16045,8,9,2518.115,5,2,3,10,Potential
JC-15340,115,4,71.263,2,1,1,4,Lost
JC-15385,176,4,1058.108,2,1,2,5,Needs Attention
JC-15775,159,16,2772.055,2,4,4,10,Potential
JC-16105,58,9,858.576,3,2,1,6,Needs Attention
JD-15790,118,7,2152.352,2,1,3,6,Needs Attention
JD-15895,395,32,7610.8640000000005,1,5,5,11,Potential
JD-16015,113,11,385.43,2,3,1,6,Needs Attention
JD-16060,301,6,695.442,1,1,1,3,Lost
JD-16150,42,17,8828.0305,4,4,5,13,VIP
JE-15475,194,13,1388.682,2,3,2,7,Needs Attention
JE-15610,49,20,7754.976,4,5,5,14,VIP
JE-15715,47,22,8697.842999999999,4,5,5,14,VIP
JE-15745,52,23,6760.8150000000005,4,5,5,14,VIP
JE-16165,21,7,2697.248,5,1,4,10,Potential
JF-15190,66,18,2239.606,3,5,3,11,Potential
JF-15295,226,14,955.124,2,4,2,8,Needs Attention
JF-15355,106,16,1911.844,2,4,3,9,Potential
JF-15415,3,13,2309.432,5,3,3,11,Potential
JF-15490,122,14,890.95,2,4,1,7,Needs Attention
JF-15565,55,16,4198.332,4,4,4,12,Potential
JG-15115,758,7,2358.676,1,1,3,5,Needs Attention
JG-15160,2,18,6366.392,5,5,5,15,VIP
JG-15310,3,11,2240.58,5,3,3,11,Potential
JG-15805,224,9,1507.018,2,2,2,6,Needs Attention
JH-15430,6,7,309.281,5,1,1,7,Needs Attention
JH-15820,175,8,528.91,2,2,1,5,Needs Attention
JH-15910,42,9,959.477,4,2,2,8,Needs Attention
JH-15985,30,14,7954.9980000000005,4,4,5,13,VIP
JH-16180,405,5,2256.3940000000002,1,1,3,5,Needs Attention
JJ-15445,484,6,709.178,1,1,1,3,Lost
JJ-15760,753,3,195.0,1,1,1,3,Lost
JK-15205,62,12,4262.2919999999995,3,3,5,11,Potential
JK-15325,288,4,383.812,1,1,1,3,Lost
JK-15370,45,16,2136.458,4,4,3,11,Potential
JK-15625,62,12,3760.028,3,3,4,10,Potential
JK-15640,181,12,4760.434,2,3,5,10,Potential
JK-15730,85,19,4769.9,3,5,5,13,VIP
JK-16090,29,9,3747.668,4,2,4,10,Potential
JK-16120,118,17,2932.484,2,4,4,10,Potential
JL-15130,9,12,1214.956,5,3,2,10,Potential
JL-15175,7,7,1571.523,5,1,2,8,Needs Attention
JL-15235,120,10,2203.7,2,2,3,7,Needs Attention
JL-15505,50,17,3173.874,4,4,4,12,Potential
JL-15835,22,33,9576.343,5,5,5,15,VIP
JL-15850,615,11,2725.256,1,3,4,8,Needs Attention
JM-15250,38,19,3159.1220000000003,4,5,4,13,VIP
JM-15265,38,13,1804.146,4,3,3,10,Potential
JM-15535,103,10,1733.443,3,2,3,8,Needs Attention
JM-15580,1,7,303.948,5,1,1,7,Needs Attention
JM-15655,9,12,864.947,5,3,1,9,Potential
JM-15865,110,13,7625.076000000001,2,3,5,10,Potential
JM-16195,58,19,2833.9260000000004,3,5,4,12,Potential
JO-15145,58,13,3254.949,3,3,4,10,Potential
JO-15280,93,11,1934.272,3,3,3,9,Potential
JO-15550,216,11,1090.838,2,3,2,7,Needs Attention
JP-15460,38,15,1669.135,4,4,2,10,Potential
JP-15520,9,16,3635.594,5,4,4,13,VIP
JP-16135,103,13,1707.71,3,3,3,9,Potential
JR-15670,594,3,1156.658,1,1,2,4,Lost
JR-15700,69,1,863.88,3,1,1,5,Needs Attention
JR-16210,34,10,2201.686,4,2,3,9,Potential
JS-15595,120,8,1417.654,2,2,2,6,Needs Attention
JS-15685,43,9,990.1959999999999,4,2,2,8,Needs Attention
JS-15880,535,9,3868.02,1,2,4,7,Needs Attention
JS-15940,464,8,469.169,1,2,1,4,Lost
JS-16030,29,18,2516.494,4,5,3,12,Potential
JW-15220,43,14,7721.714,4,4,5,13,VIP
JW-15955,6,10,1049.2379999999998,5,2,2,9,Potential
JW-16075,462,7,1428.731,1,1,2,4,Lost
KA-16525,37,11,1519.506,4,3,2,9,Potential
KB-16240,5,10,3152.6150000000002,5,2,4,11,Potential
KB-16315,297,22,1569.464,1,5,2,8,Needs Attention
KB-16405,118,9,908.821,2,2,1,5,Needs Attention
KB-16585,231,23,2744.742,2,5,4,11,Potential
KB-16600,2,9,983.922,5,2,2,9,Potential
KC-16255,408,10,2120.954,1,2,3,6,Needs Attention
KC-16540,98,5,3908.262,3,1,4,8,Needs Attention
KC-16675,58,7,1146.05,3,1,2,6,Needs Attention
KD-16270,485,16,8282.358,1,4,5,10,Potential
KD-16345,42,10,1888.964,4,2,3,9,Potential
KD-16495,113,28,8181.256,2,5,5,12,Potential
KD-16615,290,7,907.158,1,1,1,3,Lost
KE-16420,27,12,1453.2812000000001,5,3,2,10,Potential
KF-16285,98,18,10604.266,3,5,5,13,VIP
KH-16330,41,18,3312.864,4,5,4,13,VIP
KH-16360,2,14,3100.612,5,4,4,13,VIP
KH-16510,23,20,5229.695000000001,5,5,5,15,VIP
KH-16630,59,17,3918.9660000000003,3,4,4,11,Potential
KH-16690,3,15,5990.799,5,4,5,14,VIP
KL-16555,17,22,5016.488,5,5,5,15,VIP
KL-16645,48,29,14175.229000000001,4,5,5,14,VIP
KM-16225,15,19,2260.958,5,5,3,13,VIP
KM-16375,57,20,5620.186,3,5,5,13,VIP
KM-16660,16,9,453.538,5,2,1,8,Needs Attention
KM-16720,29,28,4909.472,4,5,5,14,VIP
KN-16390,20,15,2224.0860000000002,5,4,3,12,Potential
KN-16450,53,8,2171.962,4,2,3,9,Potential
KN-16705,99,12,2003.01,3,3,3,9,Potential
KS-16300,296,4,88.472,1,1,1,3,Lost
KT-16465,392,14,3057.1,1,4,4,9,Potential
KT-16480,101,13,4642.088400000001,3,3,5,11,Potential
KW-16435,97,10,4416.5199999999995,3,2,5,10,Potential
KW-16570,771,5,449.096,1,1,1,3,Lost
LA-16780,155,26,8673.222,2,5,5,12,Potential
LB-16735,49,3,50.188,4,1,1,6,Needs Attention
LB-16795,153,24,4985.676,2,5,5,12,Potential
LC-16870,28,30,2580.7039999999997,4,5,3,12,Potential
LC-16885,17,23,7663.126,5,5,5,15,VIP
LC-16930,42,14,4492.946,4,4,5,13,VIP
LC-16960,437,7,3246.626,1,1,4,6,Needs Attention
LC-17050,55,9,2095.064,4,2,3,9,Potential
LC-17140,14,19,2633.582,5,5,3,13,VIP
LD-16855,553,1,5.304,1,1,1,3,Lost
LD-17005,415,7,1961.934,1,1,3,5,Needs Attention
LE-16810,22,9,1469.45,5,2,2,9,Potential
LF-17185,23,16,3930.5089999999996,5,4,4,13,VIP
LH-16750,152,3,287.426,2,1,1,4,Lost
LH-16900,22,15,2295.332,5,4,3,12,Potential
LH-17020,240,6,318.239,1,1,1,3,Lost
LH-17155,386,19,1739.689,1,5,3,9,Potential
LL-16840,250,10,2454.554,1,2,3,6,Needs Attention
LM-17065,392,7,1346.774,1,1,2,4,Lost
LO-17170,3,9,644.35,5,2,1,8,Needs Attention
LP-17080,41,9,756.606,4,2,1,7,Needs Attention
LP-17095,10,13,3104.439,5,3,4,12,Potential
LR-16915,27,16,5142.892,5,4,5,14,VIP
LR-17035,133,12,1879.306,2,3,3,8,Needs Attention
LS-16945,179,14,2845.27,2,4,4,10,Potential
LS-16975,21,22,2988.674,5,5,4,14,VIP
LS-17200,97,14,1010.2560000000001,3,4,2,9,Potential
LS-17230,777,6,368.88000000000005,1,1,1,3,Lost
LS-17245,35,12,1008.1360000000001,4,3,2,9,Potential
LT-16765,27,3,329.876,5,1,1,7,Needs Attention
LT-17110,35,14,2936.252,4,4,4,12,Potential
LW-16825,89,15,2238.061,3,4,3,10,Potential
LW-16990,34,11,3230.308,4,3,4,11,Potential
LW-17125,206,5,1259.04,2,1,2,5,Needs Attention
LW-17215,22,15,5420.514,5,4,5,14,VIP
MA-17560,65,34,4299.161,3,5,5,13,VIP
MA-17995,187,12,2453.284,2,3,3,8,Needs Attention
MB-17305,49,19,1548.702,4,5,2,11,Potential
MB-18085,45,10,1428.231,4,2,2,8,Needs Attention
MC-17275,77,13,2725.982,3,3,4,10,Potential
MC-17425,400,10,4432.138,1,2,5,8,Needs Attention
MC-17575,28,11,1303.893,4,3,2,9,Potential
MC-17590,52,17,2426.067,4,4,3,11,Potential
MC-17605,113,18,2258.192,2,5,3,10,Potential
MC-17635,190,8,795.154,2,2,1,5,Needs Attention
MC-17845,2,14,3805.714,5,4,4,13,VIP
MC-18100,42,19,2218.98,4,5,3,12,Potential
MC-18130,370,11,1581.9979999999998,1,3,2,6,Needs Attention
MD-17350,118,15,2716.412,2,4,4,10,Potential
MD-17860,37,8,1204.91,4,2,2,8,Needs Attention
ME-17320,43,22,10663.728000000001,4,5,5,14,VIP
ME-17725,29,13,1908.4532,4,3,3,10,Potential
ME-18010,93,6,1256.944,3,1,2,6,Needs Attention
MF-17665,422,8,937.039,1,2,2,5,Needs Attention
MF-18250,8,12,1758.3,5,3,3,11,Potential
MG-17650,30,14,3785.276,4,4,4,12,Potential
MG-17680,93,10,2350.188,3,2,3,8,Needs Attention
MG-17695,556,7,1342.282,1,1,2,4,Lost
MG-17875,117,7,1242.8329999999999,2,1,2,5,Needs Attention
MG-17890,100,13,776.384,3,3,1,7,Needs Attention
MG-18145,85,8,3061.543,3,2,4,9,Potential
MG-18205,265,2,16.739,1,1,1,3,Lost
MH-17290,295,10,1691.505,1,2,2,5,Needs Attention
MH-17440,377,9,400.016,1,2,1,4,Lost
MH-17455,171,9,2146.694,2,2,3,7,Needs Attention
MH-17620,156,6,1252.8,2,1,2,5,Needs Attention
MH-17785,99,11,2203.7780000000002,3,3,3,9,Potential
MH-18025,50,10,2984.948,4,2,4,10,Potential
MH-18115,6,22,5503.093,5,5,5,15,VIP
MJ-17740,23,15,6320.746,5,4,5,14,VIP
MK-17905,29,17,2302.368,4,4,3,11,Potential
MK-18160,241,11,1031.602,1,3,2,6,Needs Attention
ML-17395,70,20,2722.843,3,5,4,12,Potential
ML-17410,55,14,2885.26,4,4,4,12,Potential
ML-17755,30,13,2071.9139999999998,4,3,3,10,Potential
ML-18040,80,4,742.082,3,1,1,5,Needs Attention
ML-18265,101,3,162.232,3,1,1,5,Needs Attention
MM-17260,169,6,1314.023,2,1,2,5,Needs Attention
MM-17920,8,15,3640.2560000000003,5,4,4,13,VIP
MM-18055,62,19,2749.881,3,5,4,12,Potential
MM-18280,86,12,775.414,3,3,1,7,Needs Attention
MN-17935,35,10,2477.946,4,2,3,9,Potential
MO-17500,73,5,922.487,3,1,1,5,Needs Attention
MO-17800,105,11,1687.0269999999998,3,3,2,8,Needs Attention
MO-17950,181,4,154.288,2,1,1,4,Lost
MP-17470,719,12,2945.822,1,3,4,8,Needs Attention
MP-17965,73,20,3983.6420000000003,3,5,4,12,Potential
MP-18175,17,18,4757.332,5,5,5,15,VIP
MR-17545,126,6,639.178,2,1,1,4,Lost
MS-17365,274,24,7443.6900000000005,1,5,5,11,Potential
MS-17530,435,7,475.65599999999995,1,1,1,3,Lost
MS-17710,414,15,1613.402,1,4,2,7,Needs Attention
MS-17770,122,19,3144.678,2,5,4,11,Potential
MS-17830,453,5,370.348,1,1,1,3,Lost
MS-17980,27,11,855.116,5,3,1,9,Potential
MT-17815,50,10,2890.139,4,2,4,10,Potential
MT-18070,204,11,1319.4498,2,3,2,7,Needs Attention
MV-17485,28,15,1560.05,4,4,2,10,Potential
MV-18190,20,11,1734.574,5,3,3,11,Potential
MW-18220,18,14,5341.900000000001,5,4,5,14,VIP
MW-18235,45,3,5253.876,4,1,5,10,Potential
MY-17380,30,13,2254.285,4,3,3,10,Potential
MY-18295,72,19,3601.88,3,5,4,12,Potential
MZ-17335,31,6,593.606,4,1,1,6,Needs Attention
MZ-17515,283,10,2564.906,1,2,3,6,Needs Attention
NB-18580,1166,2,273.87199999999996,1,1,1,3,Lost
NB-18655,20,17,1972.599,5,4,3,12,Potential
NC-18340,225,17,2461.404,2,4,3,9,Potential
NC-18415,42,14,2218.9900000000002,4,4,3,11,Potential
NC-18535,7,15,8241.739,5,4,5,14,VIP
NC-18625,205,9,1821.742,2,2,3,7,Needs Attention
ND-18370,28,18,4326.139,4,5,5,14,VIP
ND-18460,184,8,2893.455,2,2,4,8,Needs Attention
NF-18385,80,13,8080.474,3,3,5,11,Potential
NF-18475,526,4,377.16200000000003,1,1,1,3,Lost
NF-18595,115,12,2031.472,2,3,3,8,Needs Attention
NG-18355,49,16,1869.58,4,4,3,11,Potential
NG-18430,49,9,1395.9379999999999,4,2,2,8,Needs Attention
NH-18610,190,9,2518.6659999999997,2,2,3,7,Needs Attention
NK-18490,71,11,572.048,3,3,1,7,Needs Attention
NL-18310,59,10,1418.0900000000001,3,2,2,7,Needs Attention
NM-18445,161,14,6459.344,2,4,5,11,Potential
NM-18520,245,15,2161.979,1,4,3,8,Needs Attention
NP-18325,26,21,5529.62,5,5,5,15,VIP
NP-18670,59,10,3908.402,3,2,4,9,Potential
NP-18685,407,6,1164.73,1,1,2,4,Lost
NP-18700,139,13,7903.1825,2,3,5,10,Potential
NR-18550,211,13,2367.277,2,3,3,8,Needs Attention
NS-18505,7,15,2575.863,5,4,3,12,Potential
NS-18640,175,23,2857.753,2,5,4,11,Potential
NW-18400,173,22,7234.014,2,5,5,12,Potential
NZ-18565,86,20,2488.31,3,5,3,11,Potential
ON-18715,411,15,1567.52,1,4,2,7,Needs Attention
OT-18730,66,10,3818.624,3,2,4,9,Potential
PA-19060,104,7,729.408,3,1,1,5,Needs Attention
PB-18805,26,10,740.356,5,2,1,8,Needs Attention
PB-19105,58,5,688.324,3,1,1,5,Needs Attention
PB-19150,98,11,1456.95,3,3,2,8,Needs Attention
PB-19210,688,2,132.738,1,1,1,3,Lost
PC-18745,3,5,1832.064,5,1,3,9,Potential
PC-19000,882,3,1061.488,1,1,2,4,Lost
PF-19120,835,19,9062.864,1,5,5,11,Potential
PF-19165,197,10,2770.0,2,2,4,8,Needs Attention
PF-19225,115,10,2206.1279999999997,2,2,3,7,Needs Attention
PG-18820,37,26,3086.907,4,5,4,13,VIP
PG-18895,58,17,1987.164,3,4,3,10,Potential
PH-18790,71,2,729.648,3,1,1,5,Needs Attention
PJ-18835,40,13,1220.09,4,3,2,9,Potential
PJ-19015,135,7,1677.536,2,1,2,5,Needs Attention
PK-18910,484,3,1441.152,1,1,2,4,Lost
PK-19075,10,25,8646.934,5,5,5,15,VIP
PL-18925,16,8,239.481,5,2,1,8,Needs Attention
PM-18940,387,4,1405.402,1,1,2,4,Lost
PM-19135,52,7,4115.662,4,1,4,9,Potential
PN-18775,31,13,1467.152,4,3,2,9,Potential
PO-18850,5,22,7473.8282,5,5,5,15,VIP
PO-18865,1,13,2493.214,5,3,3,11,Potential
PO-19180,161,18,4893.043,2,5,5,12,Potential
PO-19195,87,10,1056.858,3,2,2,7,Needs Attention
PP-18955,98,34,7252.608,3,5,5,13,VIP
PR-18880,37,12,1840.178,4,3,3,10,Potential
PS-18760,108,21,2181.479,2,5,3,10,Potential
PS-18970,70,13,1278.639,3,3,2,8,Needs Attention
PS-19045,237,13,6843.634,1,3,5,9,Potential
PT-19090,72,6,158.46,3,1,1,5,Needs Attention
PV-18985,90,13,2876.046,3,3,4,10,Potential
PW-19030,47,13,3454.916,4,3,4,11,Potential
PW-19240,465,12,3922.4150000000004,1,3,4,8,Needs Attention
QJ-19255,245,11,1498.4080000000001,1,3,2,6,Needs Attention
RA-19285,6,17,2617.906,5,4,3,12,Potential
RA-19885,56,13,3546.224,3,3,4,10,Potential
RA-19915,13,22,4793.543,5,5,5,15,VIP
RA-19945,62,9,1686.9225,3,2,2,7,Needs Attention
RB-19330,69,6,1008.1959999999999,3,1,2,6,Needs Attention
RB-19360,97,18,15117.339,3,5,5,13,VIP
RB-19435,42,13,1864.156,4,3,3,10,Potential
RB-19465,10,23,4715.466,5,5,5,15,VIP
RB-19570,26,9,528.546,5,2,1,8,Needs Attention
RB-19645,649,7,221.084,1,1,1,3,Lost
RB-19705,55,7,2067.45,4,1,3,8,Needs Attention
RB-19795,33,18,5633.316000000001,4,5,5,14,VIP
RC-19825,370,10,966.409,1,2,2,5,Needs Attention
RC-19960,111,8,652.644,2,2,1,5,Needs Attention
RD-19480,73,15,4272.93,3,4,5,12,Potential
RD-19585,181,18,2832.904,2,5,4,11,Potential
RD-19660,115,4,2745.892,2,1,4,7,Needs Attention
RD-19720,22,20,1419.737,5,5,2,12,Potential
RD-19810,15,16,1137.616,5,4,2,11,Potential
RD-19900,115,21,3133.924,2,5,4,11,Potential
RD-19930,43,10,970.9420000000001,4,2,2,8,Needs Attention
RE-19405,1098,1,48.36,1,1,1,3,Lost
RE-19450,303,6,666.52,1,1,1,3,Lost
RF-19345,391,16,3309.15,1,4,4,9,Potential
RF-19735,90,14,2341.2960000000003,3,4,3,10,Potential
RF-19840,7,10,938.862,5,2,2,9,Potential
RH-19495,33,8,3621.3759999999997,4,2,4,10,Potential
RH-19510,468,12,6979.18,1,3,5,9,Potential
RH-19555,520,3,740.382,1,1,1,3,Lost
RH-19600,535,11,2085.7400000000002,1,3,3,7,Needs Attention
RK-19300,120,8,1460.192,2,2,2,6,Needs Attention
RL-19615,122,24,6234.91,2,5,5,12,Potential
RM-19375,542,5,816.294,1,1,1,3,Lost
RM-19675,7,11,5979.0960000000005,5,3,5,13,VIP
RM-19750,300,2,98.35,1,1,1,3,Lost
RO-19780,36,12,3815.478,4,3,4,11,Potential
RP-19270,497,12,954.6452,1,3,2,6,Needs Attention
RP-19390,34,25,5153.084,4,5,5,14,VIP
RP-19855,29,14,2055.356,4,4,3,11,Potential
RR-19315,20,4,615.932,5,1,1,7,Needs Attention
RR-19525,171,10,3302.2619999999997,2,2,4,8,Needs Attention
RS-19420,77,9,3221.29,3,2,4,9,Potential
RS-19765,37,14,4159.7699999999995,4,4,4,12,Potential
RS-19870,20,3,22.328,5,1,1,7,Needs Attention
RW-19540,121,23,7397.401,2,5,5,12,Potential
RW-19630,90,16,3279.746,3,4,4,11,Potential
RW-19690,80,15,3495.646,3,4,4,11,Potential
SA-20830,64,21,4767.3415,3,5,5,13,VIP
SB-20170,202,7,1348.02,2,1,2,5,Needs Attention
SB-20185,189,12,6410.996,2,3,5,10,Potential
SB-20290,48,17,8057.891,4,4,5,13,VIP
SC-20020,781,17,3362.9636,1,4,4,9,Potential
SC-20050,41,15,4624.572,4,4,5,13,VIP
SC-20095,350,22,14142.333999999999,1,5,5,11,Potential
SC-20230,150,11,4371.9580000000005,2,3,5,10,Potential
SC-20260,188,18,3729.7929999999997,2,5,4,11,Potential
SC-20305,30,10,3650.473,4,2,4,10,Potential
SC-20380,31,20,5992.536,4,5,5,14,VIP
SC-20440,37,10,1874.998,4,2,3,9,Potential
SC-20575,93,6,799.798,3,1,1,5,Needs Attention
SC-20680,127,8,1254.64,2,2,2,6,Needs Attention
SC-20695,90,14,2576.408,3,4,3,10,Potential
SC-20725,188,26,5226.21,2,5,5,12,Potential
SC-20770,42,21,4492.657,4,5,5,14,VIP
SC-20800,31,5,279.25600000000003,4,1,1,6,Needs Attention
SC-20845,415,1,14.112,1,1,1,3,Lost
SD-20485,201,21,6121.114,2,5,5,12,Potential
SE-20110,10,19,12209.438000000002,5,5,5,15,VIP
SF-20065,60,9,763.5459999999999,3,2,1,6,Needs Attention
SF-20200,60,15,3422.7859999999996,3,4,4,11,Potential
SF-20965,49,17,3336.535,4,4,4,12,Potential
SG-20080,9,11,3406.5809999999997,5,3,4,12,Potential
SG-20470,184,14,1884.798,2,4,3,9,Potential
SG-20605,109,12,3118.892,2,3,4,9,Potential
SG-20890,227,5,47.946,2,1,1,4,Lost
SH-19975,30,24,2465.6594999999998,4,5,3,12,Potential
SH-20395,24,15,2180.718,5,4,3,12,Potential
SH-20635,765,2,2096.392,1,1,3,5,Needs Attention
SJ-20125,96,24,3949.656,3,5,4,12,Potential
SJ-20215,30,10,1341.036,4,2,2,8,Needs Attention
SJ-20500,254,7,1318.776,1,1,2,4,Lost
SK-19990,9,5,883.409,5,1,1,7,Needs Attention
SL-20155,71,8,3046.532,3,2,4,9,Potential
SM-20005,422,6,244.49399999999997,1,1,1,3,Lost
SM-20320,80,15,25043.05,3,4,5,12,Potential
SM-20905,607,6,1043.041,1,1,2,4,Lost
SM-20950,26,20,4464.862,5,5,5,15,VIP
SN-20560,112,15,1860.418,2,4,3,9,Potential
SN-20710,80,19,3127.9592,3,5,4,12,Potential
SO-20335,30,15,2602.5755,4,4,3,11,Potential
SP-20545,328,10,1306.086,1,2,2,5,Needs Attention
SP-20620,48,24,5440.319,4,5,5,14,VIP
SP-20650,387,15,1872.4360000000001,1,4,3,8,Needs Attention
SP-20860,80,24,4282.94,3,5,5,13,VIP
SP-20920,71,14,3990.689,3,4,4,11,Potential
SR-20425,9,9,3233.481,5,2,4,11,Potential
SR-20740,197,12,4345.8859999999995,2,3,5,10,Potential
SS-20140,16,21,1324.028,5,5,2,12,Potential
SS-20410,111,12,3056.8070000000002,2,3,4,9,Potential
SS-20515,492,6,613.4,1,1,1,3,Lost
SS-20590,433,9,418.49,1,2,1,4,Lost
SS-20875,121,15,964.636,2,4,2,8,Needs Attention
ST-20530,126,12,433.34000000000003,2,3,1,6,Needs Attention
SU-20665,21,18,2595.364,5,5,3,13,VIP
SV-20365,102,32,11470.949999999999,3,5,5,13,VIP
SV-20785,321,24,3390.105,1,5,4,10,Potential
SV-20815,77,6,1271.0900000000001,3,1,2,6,Needs Attention
SV-20935,3,13,1903.491,5,3,3,11,Potential
SW-20245,82,10,1085.078,3,2,2,7,Needs Attention
SW-20275,31,7,1966.65,4,1,3,8,Needs Attention
SW-20350,163,6,1019.044,2,1,2,5,Needs Attention
SW-20455,163,8,2835.564,2,2,4,8,Needs Attention
SW-20755,535,8,758.6959999999999,1,2,1,4,Lost
SZ-20035,36,20,3625.329,4,5,4,13,VIP
TA-21385,70,10,14595.62,3,2,5,10,Potential
TB-21055,120,17,1451.361,2,4,2,8,Needs Attention
TB-21175,59,11,3589.296,3,3,4,10,Potential
TB-21190,50,4,816.1740000000001,4,1,1,6,Needs Attention
TB-21250,350,19,1602.376,1,5,2,8,Needs Attention
TB-21280,584,11,2198.45,1,3,3,7,Needs Attention
TB-21355,147,13,834.328,2,3,1,6,Needs Attention
TB-21400,203,16,9108.742,2,4,5,11,Potential
TB-21520,108,20,4737.486,2,5,5,12,Potential
TB-21595,286,5,1240.871,1,1,2,4,Lost
TB-21625,31,15,2797.668,4,4,4,12,Potential
TC-20980,400,12,19052.218,1,3,5,9,Potential
TC-21145,107,4,1038.26,2,1,2,5,Needs Attention
TC-21295,28,16,4266.812,4,4,5,13,VIP
TC-21475,154,11,1244.976,2,3,2,7,Needs Attention
TC-21535,5,10,742.5580000000001,5,2,1,8,Needs Attention
TD-20995,38,16,1434.5480000000002,4,4,2,10,Potential
TG-21310,338,9,3058.372,1,2,4,7,Needs Attention
TG-21640,115,10,2074.661,2,2,3,7,Needs Attention
TH-21100,345,7,2422.824,1,1,3,5,Needs Attention
TH-21115,59,9,2942.772,3,2,4,9,Potential
TH-21235,118,13,1022.201,2,3,2,7,Needs Attention
TH-21550,73,13,4234.0960000000005,3,3,4,10,Potential
TM-21010,104,15,2819.026,3,4,4,11,Potential
TM-21490,131,4,1094.6779999999999,2,1,2,5,Needs Attention
TN-21040,91,12,3130.221,3,3,4,10,Potential
TP-21130,9,16,4454.0560000000005,5,4,5,14,VIP
TP-21415,105,10,5329.0048,3,2,5,10,Potential
TP-21565,351,10,1936.6399999999999,1,2,3,6,Needs Attention
TR-21325,194,7,675.9419999999999,2,1,1,4,Lost
TS-21085,358,2,4.833,1,1,1,3,Lost
TS-21160,505,17,2163.6240000000003,1,4,3,8,Needs Attention
TS-21205,199,19,5371.09,2,5,5,12,Potential
TS-21340,227,12,974.7819999999999,2,3,2,7,Needs Attention
TS-21370,37,15,11891.751,4,4,5,13,VIP
TS-21430,173,7,2054.14,2,1,3,6,Needs Attention
TS-21505,12,14,2243.274,5,4,3,12,Potential
TS-21610,56,11,2820.424,3,3,4,10,Potential
TS-21655,239,14,3368.094,1,4,4,9,Potential
TT-21070,32,14,4915.602,4,4,5,13,VIP
TT-21220,184,15,1427.0439999999999,2,4,2,8,Needs Attention
TT-21265,407,3,439.5,1,1,1,3,Lost
TT-21460,13,14,5364.808,5,4,5,14,VIP
TW-21025,65,12,5278.826,3,3,5,11,Potential
TZ-21580,36,9,1707.286,4,2,3,9,Potential
VB-21745,55,10,2005.596,4,2,3,9,Potential
VD-21670,582,16,6442.254,1,4,5,10,Potential
VF-21715,14,11,847.944,5,3,1,9,Potential
VG-21790,155,8,846.01,2,2,1,5,Needs Attention
VG-21805,492,5,418.432,1,1,1,3,Lost
VM-21685,55,11,1160.116,4,3,2,9,Potential
VM-21835,118,8,380.69,2,2,1,5,Needs Attention
VP-21730,31,5,993.9019999999999,4,1,2,7,Needs Attention
VP-21760,76,14,3360.526,3,4,4,11,Potential
VS-21820,222,8,1055.981,2,2,2,6,Needs Attention
VT-21700,1000,9,1736.596,1,2,3,6,Needs Attention
VW-21775,29,18,6134.0380000000005,4,5,5,14,VIP
WB-21850,21,35,6129.71,5,5,5,15,VIP
XP-21865,44,28,2374.658,4,5,3,12,Potential
YC-21895,5,8,5454.35,5,2,5,12,Potential
YS-21880,10,12,6720.4439999999995,5,3,5,13,VIP
ZC-21910,55,31,8025.707,4,5,5,14,VIP
ZD-21925,203,9,1493.944,2,2,2,6,Needs Attention
